SG_UF,LOCAIS,QT_ELEITOR_ELEICAO_FEDERAL,COMPARECIMENTO,ABSTENCAO,PCT_ABSTENCAO,AUGUSTO JORGE CURY,CLARIANA ZACARKIM BARAO,EDMILSON SILVA COSTA,FLAVIO NANTES BOLSONARO,HERTZ DA CONCEICAO DIAS,LEONARDO ALVES DE ARAUJO,LUIZ INÁCIO LULA DA SILVA,RENAN ANTONIO FERREIRA DOS SANTOS,ROMEU ZEMA NETO,RONALDO RAMOS CAIADO,RUI COSTA PIMENTA,SAMARA MARTINS DA SILVA FEITOSA,WILSON GRASSI JUNIOR,VOTO BRANCO,VOTO NULO
ZZ,212,916534,341766,574768,62.71,9734,825,421,143900,373,123,157387,8580,3329,4708,199,1053,373,5816,4945
MS,1021,2024430,1541220,483210,23.87,39148,626,332,873351,353,76,516855,31847,2792,23291,183,1291,209,21270,29596
RJ,5046,12857648,9859802,2997846,23.32,247397,4082,2854,4966844,3999,387,3693021,211843,21907,199844,1793,14186,1930,201979,287736
MG,10073,16372372,12637274,3735098,22.81,409737,3411,2300,5777548,4085,561,5188936,247209,98407,230423,1421,11026,1732,268302,392176
SP,11072,34122892,26431992,7690900,22.54,892368,10563,6129,12922023,15815,1355,9505413,804310,94635,579571,4429,42532,5160,632801,914888
MT,1501,2637801,2052133,585668,22.2,40019,1869,239,1298581,340,95,581681,33170,2424,33079,130,1584,172,20756,37994
GO,2476,5080590,3971587,1109003,21.83,53849,559,468,2051888,668,107,1188880,54105,2672,472041,260,2087,346,45643,98014
RO,671,1265893,991080,274813,21.71,25280,356,160,652988,174,66,250667,19187,1318,16929,60,843,97,9846,13109
ES,1765,2991650,2352282,639368,21.37,65121,974,388,1233194,638,121,850028,53236,5873,39097,245,1973,311,43211,57872
RS,7772,8522545,6702903,1819642,21.35,195296,2066,1031,3573783,2146,253,2294759,167558,18988,158821,1043,6632,923,148339,131265
AL,1075,2442126,1938428,503698,20.63,42427,636,267,735718,431,73,995459,26851,1168,14198,110,1345,246,33712,85787
PR,4792,8613657,6841457,1772200,20.57,205095,2445,1195,3945345,2056,268,2054597,177434,17172,171294,917,6731,962,122499,133447
AC,660,613742,488330,125412,20.43,13523,215,140,302807,71,23,134770,7980,573,8594,40,314,39,5579,13662
AM,1619,2798611,2234549,564062,20.16,77531,929,265,976764,457,82,1046996,35411,1781,28310,161,1867,291,24402,39302
BA,9197,11312752,9053601,2259151,19.97,195451,1676,1299,2442585,1791,251,5664771,117518,6497,122705,724,4649,625,154936,338123
MA,5778,5183115,4160343,1022772,19.73,84830,895,475,1239040,1459,345,2566301,60387,4584,50155,211,1795,307,46315,103244
PA,5784,6262397,5066504,1195893,19.1,125172,1293,674,2163957,1045,183,2427237,84165,3064,51991,308,3824,442,54203,148946
SC,3450,5734651,4648159,1086492,18.95,134273,1429,828,3000020,1503,184,1127168,132795,16718,79911,643,5049,560,69007,78071
DF,622,2258320,1831396,426924,18.9,45979,716,334,909616,828,57,675627,46714,4915,85076,382,2297,324,25362,33169
RN,1565,2659825,2171013,488812,18.38,57367,405,315,720493,572,63,1237963,35261,1525,16407,177,1228,185,33172,65880
TO,921,1182023,965196,216827,18.34,22434,171,117,469321,101,28,404009,12983,595,20189,65,395,67,8344,26377
PE,3389,7223450,5911062,1312388,18.17,137960,869,705,1738043,1114,138,3553971,85865,6060,73176,410,2387,457,109491,200416
AP,370,576988,476562,100426,17.41,19057,229,62,212278,132,17,212503,11342,341,8304,53,508,49,4415,7272
PB,1837,3248531,2683988,564543,17.38,73831,604,347,831377,627,90,1541127,42247,1988,19511,274,1593,221,52297,117854
SE,1207,1740135,1439082,301053,17.3,38895,457,204,417839,331,57,856019,21405,1158,26651,108,991,138,24859,49970
PI,3366,2704758,2240883,463875,17.15,47692,504,319,517028,443,52,1523710,32274,1357,21629,146,1099,193,28329,66108
RR,355,401521,332772,68749,17.12,8579,168,42,231322,60,14,74420,6623,337,3639,34,280,41,2618,4595
CE,6703,6996545,5910471,1086074,15.52,140524,1071,783,1756850,1491,177,3555263,107587,4310,45604,498,3352,481,103295,189185
