SG_UF,QT_LOCAIS,LULA_2022,BOLSONARO_2022,PCT_LULA_2022,APTOS_2022,ABSTENCAO_2022,PCT_ABSTENCAO_2022,LULA_2026,BOLSONARO_2026,OUTROS_2026,BRANCOS_NULOS_2026,PCT_LULA_2026,PCT_BOLSONARO_2026,APTOS_2026,COMPARECIMENTO_2026,ABSTENCAO_2026,PCT_ABSTENCAO_2026,VAR_LULA_VOTOS,VAR_LULA_PCT,VOTOS_A_RECUPERAR_2022,DIFERENCA_2026,DEFICIT_2T,VOTOS_PARA_VENCER,PCT_ABST_NECESSARIA,SITUACAO,COTA_META_NACIONAL,SALDO_POR_ABSTENCIONISTA
AC,660,121566,287750,29.7,587765,167005,28.41,134770,302807,31512,19241,28.73,64.55,613742,488330,125412,20.43,13204,10.86,0,168037,168037.0,168038,133.99,ABSTENÇÃO INSUFICIENTE,8667,-0.384
AL,1075,976831,687827,58.68,2325814,540826,23.25,995459,735718,87752,119499,54.73,40.45,2442126,1938428,503698,20.63,18628,1.91,0,-259741,-259741.0,0,0.0,LULA À FRENTE,34021,0.15
AM,1619,1004991,961741,51.1,2647123,579248,21.88,1046996,976764,147085,63704,48.23,44.99,2798611,2234549,564062,20.16,42005,4.18,0,-70232,-70232.0,0,0.0,LULA À FRENTE,38309,0.0347
AP,370,189918,200547,48.64,550131,149448,27.17,212503,212278,40094,11687,45.71,45.66,576988,476562,100426,17.41,22585,11.89,0,-225,-225.0,0,0.0,LULA À FRENTE,6860,0.0005
BA,9197,6097815,2357028,72.12,11282999,2311271,20.48,5664771,2442585,453186,493059,66.17,28.53,11312752,9053601,2259151,19.97,-433044,-7.1,433044,-3222186,-3222186.0,0,0.0,LULA À FRENTE,154652,0.3974
CE,6703,3807891,1634477,69.97,6818192,1168794,17.14,3555263,1756850,305878,292480,63.28,31.27,6996545,5910471,1086074,15.52,-252628,-6.63,252628,-1798413,-1798413.0,0,0.0,LULA À FRENTE,75450,0.3385
DF,622,729295,1041331,41.19,2207628,369136,16.72,675627,909616,187622,58531,38.11,51.31,2258320,1831396,426924,18.9,-53668,-7.36,53668,233989,233989.0,233990,54.81,VIRÁVEL SÓ COM A ABSTENÇÃO,28686,-0.1476
ES,1765,926767,1282145,41.96,2922264,599995,20.53,850028,1233194,167977,101083,37.76,54.78,2991650,2352282,639368,21.37,-76739,-8.28,76739,383166,383166.0,383167,59.93,VIRÁVEL SÓ COM A ABSTENÇÃO,43370,-0.1839
GO,2476,1542115,2193041,41.29,4870621,1010270,20.74,1188880,2051888,587162,143657,31.06,53.6,5080590,3971587,1109003,21.83,-353235,-22.91,353235,863008,863008.0,863009,77.82,VIRÁVEL SÓ COM A ABSTENÇÃO,74974,-0.2663
MA,5778,2668425,1082749,71.14,5039307,1184503,23.51,2566301,1239040,205443,149559,63.99,30.89,5183115,4160343,1022772,19.73,-102124,-3.83,102124,-1327261,-1327261.0,0,0.0,LULA À FRENTE,70814,0.3488
MG,10073,6190960,6141310,50.2,16284615,3418331,20.99,5188936,5777548,1010312,660478,43.32,48.24,16372372,12637274,3735098,22.81,-1002024,-16.19,1002024,588612,588612.0,588613,15.76,VIRÁVEL SÓ COM A ABSTENÇÃO,253292,-0.0537
MS,1021,599547,880606,40.51,1996066,446193,22.35,516855,873351,100148,50866,34.68,58.6,2024430,1541220,483210,23.87,-82692,-13.79,82692,356496,356496.0,356497,73.78,VIRÁVEL SÓ COM A ABSTENÇÃO,32640,-0.2564
MT,1501,652786,1216730,34.92,2469797,556566,22.53,581681,1298581,113121,58750,29.18,65.14,2637801,2052133,585668,22.2,-71105,-10.89,71105,716900,716900.0,716901,122.41,ABSTENÇÃO INSUFICIENTE,39678,-0.3813
PA,5784,2509084,2073895,54.75,6078857,1377117,22.65,2427237,2163957,272161,203149,49.91,44.5,6262397,5066504,1195893,19.1,-81847,-3.26,81847,-263280,-263280.0,0,0.0,LULA À FRENTE,82353,0.0573
PB,1837,1601953,802502,66.62,3091719,517504,16.74,1541127,831377,141333,170151,61.31,33.07,3248531,2683988,564543,17.38,-60826,-3.8,60826,-709750,-709750.0,0,0.0,LULA À FRENTE,38456,0.2992
PE,3389,3640933,1798832,66.93,7015086,1214351,17.31,3553971,1738043,309141,309907,63.45,31.03,7223450,5911062,1312388,18.17,-86962,-2.39,86962,-1815928,-1815928.0,0,0.0,LULA À FRENTE,88905,0.3431
PI,3366,1551383,467065,76.86,2570253,481723,18.74,1523710,517028,105708,94437,70.99,24.09,2704758,2240883,463875,17.15,-27673,-1.78,27673,-1006682,-1006682.0,0,0.0,LULA À FRENTE,32478,0.4933
PR,4792,2506605,4159343,37.6,8480626,1580206,18.63,2054597,3945345,585569,255946,31.2,59.91,8613657,6841457,1772200,20.57,-452008,-18.03,452008,1890748,1890748.0,1890749,106.69,ABSTENÇÃO INSUFICIENTE,120178,-0.3151
RJ,5046,4156217,5403894,43.47,12827044,2853222,22.24,3693021,4966844,710222,489715,39.41,53.01,12857648,9859802,2997846,23.32,-463196,-11.14,463196,1273823,1273823.0,1273824,42.49,VIRÁVEL SÓ COM A ABSTENÇÃO,201803,-0.1471
RN,1565,1326785,711381,65.1,2554326,445527,17.44,1237963,720493,113505,99052,59.75,34.77,2659825,2171013,488812,18.38,-88822,-6.69,88822,-517470,-517470.0,0,0.0,LULA À FRENTE,33273,0.2642
RO,671,262904,633236,29.34,1230172,303655,24.68,250667,652988,64470,22955,25.89,67.45,1265893,991080,274813,21.71,-12237,-4.65,12237,402321,402321.0,402322,146.4,ABSTENÇÃO INSUFICIENTE,18604,-0.4452
RR,355,67128,213518,23.92,366641,80372,21.92,74420,231322,19817,7213,22.86,71.05,401521,332772,68749,17.12,7292,10.86,0,156902,156902.0,156903,228.23,ABSTENÇÃO INSUFICIENTE,4747,-0.5132
RS,7772,2891851,3733185,43.65,8589684,1658832,19.31,2294759,3573783,554757,279604,35.73,55.64,8522545,6702903,1819642,21.35,-597092,-20.65,597092,1279024,1279024.0,1279025,70.29,VIRÁVEL SÓ COM A ABSTENÇÃO,124717,-0.2179
SC,3450,1351918,3047630,30.73,5501284,958467,17.42,1127168,3000020,373893,147078,25.04,66.65,5734651,4648159,1086492,18.95,-224750,-16.62,224750,1872852,1872852.0,1872853,172.38,ABSTENÇÃO INSUFICIENTE,73938,-0.4538
SE,1207,862951,421086,67.21,1671241,315774,18.89,856019,417839,90395,74829,62.75,30.63,1740135,1439082,301053,17.3,-6932,-0.8,6932,-438180,-438180.0,0,0.0,LULA À FRENTE,20617,0.344
SP,11072,11519882,14216587,44.76,34684876,7304385,21.06,9505413,12922023,2456867,1547689,38.2,51.93,34122892,26431992,7690900,22.54,-2014469,-17.49,2014469,3416610,3416610.0,3416611,44.42,VIRÁVEL SÓ COM A ABSTENÇÃO,516795,-0.1523
TO,921,434593,411654,51.36,1094302,223064,20.38,404009,469321,57145,34721,43.42,50.44,1182023,965196,216827,18.34,-30584,-7.04,30584,65312,65312.0,65313,30.12,VIRÁVEL SÓ COM A ABSTENÇÃO,14866,-0.0748
ZZ,212,152905,145264,51.28,695578,385430,55.41,157387,143900,29718,10761,47.55,43.47,916534,341766,574768,62.71,4482,2.93,0,-13487,-13487.0,0,0.0,LULA À FRENTE,38317,0.0448
